{
	"description": "Changelog (15/06/24):<p>* Added loading statements as page headers for better transparency.<p>* Added subscriber feed to recommended.<p>* Added 'Clear Subscriptions' Option.",
	"author": "F0R3V3R50F7",
	"homepage": "https://github.com/dajesusmodz/m7-plugin-invidious",
	"title": "Invidious",
	"synopsis": "Search & Stream Videos / Music from Invidious",
	"version": "1.5",
        "file": "invidious.js",
	"m7Version": "7.0.0",
	"type": "ecmascript",
	"id": "invidious",
	"icon": "logo.png",
	"category": "video"
}